{
  "Popular": {
    "Precision@10": 0.2522,
    "Recall@10": 0.0722992014508017,
    "F1@10": 0.11238153144519634
  },
  "ALS": {
    "Precision@10": 0.0,
    "Recall@10": 0.0,
    "F1@10": 0
  },
  "Neural_BPR": {
    "Precision@10": 0.0,
    "Recall@10": 0.0,
    "F1@10": 0
  }
}